REM INSERTING into DL.POS_CASHIERS
SET DEFINE OFF;
REM INSERTING into DL.POS_CUSTOMERS
SET DEFINE OFF;
REM INSERTING into DL.POS_INVOICES
SET DEFINE OFF;
REM INSERTING into DL.POS_ORDERS
SET DEFINE OFF;
REM INSERTING into DL.POS_ORDER_LINES
SET DEFINE OFF;
REM INSERTING into DL.POS_ORDER_TRANSFERS_ALL
SET DEFINE OFF;
REM INSERTING into DL.POS_ORDER_TRANSFER_BATCHES
SET DEFINE OFF;
REM INSERTING into DL.POS_ORDER_TRANSFER_ERRORS
SET DEFINE OFF;
REM INSERTING into DL.POS_PARTIES
SET DEFINE OFF;
Insert into DL.POS_PARTIES (PARTIY_ID,PARTY_TYPE,PARTY_NUMBER,PARTY_NAME,DESCRIPTION,PERSON_TITLE,PERSON_FIRST_NAME,PERSON_MIDDLE_NAME,PERSON_LAST_NAME,PERSON_NICE_NAME,PERSON_GENDER,PERSON_MARITAL_STATUS,DATE_OF_BIRTH,START_DATE,END_DATE,ENABLED_FLAG,HOLD_FLAG,CREATED_BY,CREATION_DATE,LAST_UPDATED_BY,LAST_UPDATE_DATE,OBJECT_VERSION_ID) values (1,'P','10001','Ahmed El-Demasy',null,'MR','Ahmed',null,'El-Demasy','Demasy','M','S',to_date('13-NOV-86','DD-MON-RR'),to_date('13-NOV-86','DD-MON-RR'),null,'Y','N',0,to_date('13-NOV-86','DD-MON-RR'),0,to_date('13-NOV-86','DD-MON-RR'),0);
Insert into DL.POS_PARTIES (PARTIY_ID,PARTY_TYPE,PARTY_NUMBER,PARTY_NAME,DESCRIPTION,PERSON_TITLE,PERSON_FIRST_NAME,PERSON_MIDDLE_NAME,PERSON_LAST_NAME,PERSON_NICE_NAME,PERSON_GENDER,PERSON_MARITAL_STATUS,DATE_OF_BIRTH,START_DATE,END_DATE,ENABLED_FLAG,HOLD_FLAG,CREATED_BY,CREATION_DATE,LAST_UPDATED_BY,LAST_UPDATE_DATE,OBJECT_VERSION_ID) values (2,'O','10002','Egyptian Programmers','www.egyptianprogrammers.com',null,null,null,null,null,null,null,null,to_date('13-NOV-86','DD-MON-RR'),null,'Y','N',0,to_date('13-NOV-86','DD-MON-RR'),0,to_date('13-NOV-86','DD-MON-RR'),0);
Insert into DL.POS_PARTIES (PARTIY_ID,PARTY_TYPE,PARTY_NUMBER,PARTY_NAME,DESCRIPTION,PERSON_TITLE,PERSON_FIRST_NAME,PERSON_MIDDLE_NAME,PERSON_LAST_NAME,PERSON_NICE_NAME,PERSON_GENDER,PERSON_MARITAL_STATUS,DATE_OF_BIRTH,START_DATE,END_DATE,ENABLED_FLAG,HOLD_FLAG,CREATED_BY,CREATION_DATE,LAST_UPDATED_BY,LAST_UPDATE_DATE,OBJECT_VERSION_ID) values (4,'P','10004','Omar Diea Sakr',null,null,'Omar','Diea','Sakr','MOMO','M','S',to_date('13-NOV-86','DD-MON-RR'),to_date('13-NOV-86','DD-MON-RR'),null,'Y','N',0,to_date('13-NOV-86','DD-MON-RR'),0,to_date('13-NOV-86','DD-MON-RR'),0);
Insert into DL.POS_PARTIES (PARTIY_ID,PARTY_TYPE,PARTY_NUMBER,PARTY_NAME,DESCRIPTION,PERSON_TITLE,PERSON_FIRST_NAME,PERSON_MIDDLE_NAME,PERSON_LAST_NAME,PERSON_NICE_NAME,PERSON_GENDER,PERSON_MARITAL_STATUS,DATE_OF_BIRTH,START_DATE,END_DATE,ENABLED_FLAG,HOLD_FLAG,CREATED_BY,CREATION_DATE,LAST_UPDATED_BY,LAST_UPDATE_DATE,OBJECT_VERSION_ID) values (5,'P','10005','Lina Sakr',null,null,'Lina',null,'Sakr','LOLO','F','S',to_date('13-NOV-86','DD-MON-RR'),to_date('13-NOV-86','DD-MON-RR'),null,'Y','N',0,to_date('13-NOV-86','DD-MON-RR'),0,to_date('13-NOV-86','DD-MON-RR'),0);
Insert into DL.POS_PARTIES (PARTIY_ID,PARTY_TYPE,PARTY_NUMBER,PARTY_NAME,DESCRIPTION,PERSON_TITLE,PERSON_FIRST_NAME,PERSON_MIDDLE_NAME,PERSON_LAST_NAME,PERSON_NICE_NAME,PERSON_GENDER,PERSON_MARITAL_STATUS,DATE_OF_BIRTH,START_DATE,END_DATE,ENABLED_FLAG,HOLD_FLAG,CREATED_BY,CREATION_DATE,LAST_UPDATED_BY,LAST_UPDATE_DATE,OBJECT_VERSION_ID) values (8,'P','10008','Ahmed El-Tokhy',null,'MR','Ahmed','I','El-Tokhy',null,'M','M',to_date('13-NOV-86','DD-MON-RR'),to_date('13-NOV-86','DD-MON-RR'),null,'Y','N',0,to_date('13-NOV-86','DD-MON-RR'),0,to_date('13-NOV-86','DD-MON-RR'),0);
Insert into DL.POS_PARTIES (PARTIY_ID,PARTY_TYPE,PARTY_NUMBER,PARTY_NAME,DESCRIPTION,PERSON_TITLE,PERSON_FIRST_NAME,PERSON_MIDDLE_NAME,PERSON_LAST_NAME,PERSON_NICE_NAME,PERSON_GENDER,PERSON_MARITAL_STATUS,DATE_OF_BIRTH,START_DATE,END_DATE,ENABLED_FLAG,HOLD_FLAG,CREATED_BY,CREATION_DATE,LAST_UPDATED_BY,LAST_UPDATE_DATE,OBJECT_VERSION_ID) values (3,'P','10003','Mahmoud Hamdi El-Demasy',null,'MR','Mahmoud','Hamdi','El-Demasy',null,'M','S',to_date('13-NOV-86','DD-MON-RR'),to_date('13-NOV-86','DD-MON-RR'),null,'Y','N',0,to_date('13-NOV-86','DD-MON-RR'),0,to_date('13-NOV-86','DD-MON-RR'),0);
Insert into DL.POS_PARTIES (PARTIY_ID,PARTY_TYPE,PARTY_NUMBER,PARTY_NAME,DESCRIPTION,PERSON_TITLE,PERSON_FIRST_NAME,PERSON_MIDDLE_NAME,PERSON_LAST_NAME,PERSON_NICE_NAME,PERSON_GENDER,PERSON_MARITAL_STATUS,DATE_OF_BIRTH,START_DATE,END_DATE,ENABLED_FLAG,HOLD_FLAG,CREATED_BY,CREATION_DATE,LAST_UPDATED_BY,LAST_UPDATE_DATE,OBJECT_VERSION_ID) values (6,'P','10006','Abdelrahman Ahmed',null,'MR','Abdelrahman',null,'Ahmed',null,'M','S',to_date('13-NOV-86','DD-MON-RR'),to_date('13-NOV-86','DD-MON-RR'),null,'Y','N',0,to_date('13-NOV-86','DD-MON-RR'),0,to_date('13-NOV-86','DD-MON-RR'),0);
Insert into DL.POS_PARTIES (PARTIY_ID,PARTY_TYPE,PARTY_NUMBER,PARTY_NAME,DESCRIPTION,PERSON_TITLE,PERSON_FIRST_NAME,PERSON_MIDDLE_NAME,PERSON_LAST_NAME,PERSON_NICE_NAME,PERSON_GENDER,PERSON_MARITAL_STATUS,DATE_OF_BIRTH,START_DATE,END_DATE,ENABLED_FLAG,HOLD_FLAG,CREATED_BY,CREATION_DATE,LAST_UPDATED_BY,LAST_UPDATE_DATE,OBJECT_VERSION_ID) values (7,'P','10007','Mohamed Manna',null,'MR','Mohamed',null,'Manna',null,'M','S',to_date('13-NOV-86','DD-MON-RR'),to_date('13-NOV-86','DD-MON-RR'),null,'Y','N',0,to_date('13-NOV-86','DD-MON-RR'),0,to_date('13-NOV-86','DD-MON-RR'),0);
Insert into DL.POS_PARTIES (PARTIY_ID,PARTY_TYPE,PARTY_NUMBER,PARTY_NAME,DESCRIPTION,PERSON_TITLE,PERSON_FIRST_NAME,PERSON_MIDDLE_NAME,PERSON_LAST_NAME,PERSON_NICE_NAME,PERSON_GENDER,PERSON_MARITAL_STATUS,DATE_OF_BIRTH,START_DATE,END_DATE,ENABLED_FLAG,HOLD_FLAG,CREATED_BY,CREATION_DATE,LAST_UPDATED_BY,LAST_UPDATE_DATE,OBJECT_VERSION_ID) values (9,'O','10009','Oracle Egypt',null,null,null,null,null,null,null,null,null,to_date('13-NOV-86','DD-MON-RR'),null,'Y','N',0,to_date('13-NOV-86','DD-MON-RR'),0,to_date('13-NOV-86','DD-MON-RR'),0);
Insert into DL.POS_PARTIES (PARTIY_ID,PARTY_TYPE,PARTY_NUMBER,PARTY_NAME,DESCRIPTION,PERSON_TITLE,PERSON_FIRST_NAME,PERSON_MIDDLE_NAME,PERSON_LAST_NAME,PERSON_NICE_NAME,PERSON_GENDER,PERSON_MARITAL_STATUS,DATE_OF_BIRTH,START_DATE,END_DATE,ENABLED_FLAG,HOLD_FLAG,CREATED_BY,CREATION_DATE,LAST_UPDATED_BY,LAST_UPDATE_DATE,OBJECT_VERSION_ID) values (10,'P','10010','Mohamed Alkhammash',null,'MR','Mohamed',null,'Alkhammash',null,'M','M',to_date('13-NOV-86','DD-MON-RR'),to_date('13-NOV-86','DD-MON-RR'),null,'Y','N',0,to_date('13-NOV-86','DD-MON-RR'),0,to_date('13-NOV-86','DD-MON-RR'),0);
Insert into DL.POS_PARTIES (PARTIY_ID,PARTY_TYPE,PARTY_NUMBER,PARTY_NAME,DESCRIPTION,PERSON_TITLE,PERSON_FIRST_NAME,PERSON_MIDDLE_NAME,PERSON_LAST_NAME,PERSON_NICE_NAME,PERSON_GENDER,PERSON_MARITAL_STATUS,DATE_OF_BIRTH,START_DATE,END_DATE,ENABLED_FLAG,HOLD_FLAG,CREATED_BY,CREATION_DATE,LAST_UPDATED_BY,LAST_UPDATE_DATE,OBJECT_VERSION_ID) values (11,'P','10011','Eslam Haggag',null,null,'Eslam',null,'Haggag',null,'M','M',to_date('13-NOV-86','DD-MON-RR'),to_date('13-NOV-86','DD-MON-RR'),null,'Y','N',0,to_date('13-NOV-86','DD-MON-RR'),0,to_date('13-NOV-86','DD-MON-RR'),0);
Insert into DL.POS_PARTIES (PARTIY_ID,PARTY_TYPE,PARTY_NUMBER,PARTY_NAME,DESCRIPTION,PERSON_TITLE,PERSON_FIRST_NAME,PERSON_MIDDLE_NAME,PERSON_LAST_NAME,PERSON_NICE_NAME,PERSON_GENDER,PERSON_MARITAL_STATUS,DATE_OF_BIRTH,START_DATE,END_DATE,ENABLED_FLAG,HOLD_FLAG,CREATED_BY,CREATION_DATE,LAST_UPDATED_BY,LAST_UPDATE_DATE,OBJECT_VERSION_ID) values (12,'P','10012','Sayed Abdellatief',null,'MR','Sayed',null,'Abdellatief','Yoda','M','M',to_date('13-NOV-86','DD-MON-RR'),to_date('13-NOV-86','DD-MON-RR'),null,'Y','N',0,to_date('13-NOV-86','DD-MON-RR'),0,to_date('13-NOV-86','DD-MON-RR'),0);
Insert into DL.POS_PARTIES (PARTIY_ID,PARTY_TYPE,PARTY_NUMBER,PARTY_NAME,DESCRIPTION,PERSON_TITLE,PERSON_FIRST_NAME,PERSON_MIDDLE_NAME,PERSON_LAST_NAME,PERSON_NICE_NAME,PERSON_GENDER,PERSON_MARITAL_STATUS,DATE_OF_BIRTH,START_DATE,END_DATE,ENABLED_FLAG,HOLD_FLAG,CREATED_BY,CREATION_DATE,LAST_UPDATED_BY,LAST_UPDATE_DATE,OBJECT_VERSION_ID) values (24,'P','10024','Mahmoud Khattab',null,null,'Mahmoud',null,'Khattab',null,'M','M',to_date('13-NOV-86','DD-MON-RR'),to_date('13-NOV-86','DD-MON-RR'),null,'Y','N',0,to_date('13-NOV-86','DD-MON-RR'),0,to_date('13-NOV-86','DD-MON-RR'),0);
Insert into DL.POS_PARTIES (PARTIY_ID,PARTY_TYPE,PARTY_NUMBER,PARTY_NAME,DESCRIPTION,PERSON_TITLE,PERSON_FIRST_NAME,PERSON_MIDDLE_NAME,PERSON_LAST_NAME,PERSON_NICE_NAME,PERSON_GENDER,PERSON_MARITAL_STATUS,DATE_OF_BIRTH,START_DATE,END_DATE,ENABLED_FLAG,HOLD_FLAG,CREATED_BY,CREATION_DATE,LAST_UPDATED_BY,LAST_UPDATE_DATE,OBJECT_VERSION_ID) values (14,'O','10014','Raya International Service',null,null,null,null,null,null,null,null,null,to_date('13-NOV-86','DD-MON-RR'),null,'Y','N',0,to_date('13-NOV-86','DD-MON-RR'),0,to_date('13-NOV-86','DD-MON-RR'),0);
Insert into DL.POS_PARTIES (PARTIY_ID,PARTY_TYPE,PARTY_NUMBER,PARTY_NAME,DESCRIPTION,PERSON_TITLE,PERSON_FIRST_NAME,PERSON_MIDDLE_NAME,PERSON_LAST_NAME,PERSON_NICE_NAME,PERSON_GENDER,PERSON_MARITAL_STATUS,DATE_OF_BIRTH,START_DATE,END_DATE,ENABLED_FLAG,HOLD_FLAG,CREATED_BY,CREATION_DATE,LAST_UPDATED_BY,LAST_UPDATE_DATE,OBJECT_VERSION_ID) values (15,'O','10015','Egabi Solutions',null,null,null,null,null,null,null,null,null,to_date('13-NOV-86','DD-MON-RR'),null,'Y','N',0,to_date('13-NOV-86','DD-MON-RR'),0,to_date('13-NOV-86','DD-MON-RR'),0);
Insert into DL.POS_PARTIES (PARTIY_ID,PARTY_TYPE,PARTY_NUMBER,PARTY_NAME,DESCRIPTION,PERSON_TITLE,PERSON_FIRST_NAME,PERSON_MIDDLE_NAME,PERSON_LAST_NAME,PERSON_NICE_NAME,PERSON_GENDER,PERSON_MARITAL_STATUS,DATE_OF_BIRTH,START_DATE,END_DATE,ENABLED_FLAG,HOLD_FLAG,CREATED_BY,CREATION_DATE,LAST_UPDATED_BY,LAST_UPDATE_DATE,OBJECT_VERSION_ID) values (16,'O','10016','Riyad Bank',null,null,null,null,null,null,null,null,null,to_date('13-NOV-86','DD-MON-RR'),null,'Y','N',0,to_date('13-NOV-86','DD-MON-RR'),0,to_date('13-NOV-86','DD-MON-RR'),0);
Insert into DL.POS_PARTIES (PARTIY_ID,PARTY_TYPE,PARTY_NUMBER,PARTY_NAME,DESCRIPTION,PERSON_TITLE,PERSON_FIRST_NAME,PERSON_MIDDLE_NAME,PERSON_LAST_NAME,PERSON_NICE_NAME,PERSON_GENDER,PERSON_MARITAL_STATUS,DATE_OF_BIRTH,START_DATE,END_DATE,ENABLED_FLAG,HOLD_FLAG,CREATED_BY,CREATION_DATE,LAST_UPDATED_BY,LAST_UPDATE_DATE,OBJECT_VERSION_ID) values (17,'P','10017','Mostafa Massoud',null,'MR','Mostafa',null,'Massoud',null,'M','M',to_date('13-NOV-86','DD-MON-RR'),to_date('13-NOV-86','DD-MON-RR'),null,'Y','N',0,to_date('13-NOV-86','DD-MON-RR'),0,to_date('13-NOV-86','DD-MON-RR'),0);
Insert into DL.POS_PARTIES (PARTIY_ID,PARTY_TYPE,PARTY_NUMBER,PARTY_NAME,DESCRIPTION,PERSON_TITLE,PERSON_FIRST_NAME,PERSON_MIDDLE_NAME,PERSON_LAST_NAME,PERSON_NICE_NAME,PERSON_GENDER,PERSON_MARITAL_STATUS,DATE_OF_BIRTH,START_DATE,END_DATE,ENABLED_FLAG,HOLD_FLAG,CREATED_BY,CREATION_DATE,LAST_UPDATED_BY,LAST_UPDATE_DATE,OBJECT_VERSION_ID) values (18,'P','10018','Mostafa El-Ruby',null,'MR','Mostafa',null,'El-Ruby',null,'M','M',to_date('13-NOV-86','DD-MON-RR'),to_date('13-NOV-86','DD-MON-RR'),null,'Y','N',0,to_date('13-NOV-86','DD-MON-RR'),0,to_date('13-NOV-86','DD-MON-RR'),0);
Insert into DL.POS_PARTIES (PARTIY_ID,PARTY_TYPE,PARTY_NUMBER,PARTY_NAME,DESCRIPTION,PERSON_TITLE,PERSON_FIRST_NAME,PERSON_MIDDLE_NAME,PERSON_LAST_NAME,PERSON_NICE_NAME,PERSON_GENDER,PERSON_MARITAL_STATUS,DATE_OF_BIRTH,START_DATE,END_DATE,ENABLED_FLAG,HOLD_FLAG,CREATED_BY,CREATION_DATE,LAST_UPDATED_BY,LAST_UPDATE_DATE,OBJECT_VERSION_ID) values (19,'P','10019','Wael Abdeen',null,'MR','Wael',null,'Abdeen',null,'M','M',to_date('13-NOV-86','DD-MON-RR'),to_date('13-NOV-86','DD-MON-RR'),null,'Y','N',0,to_date('13-NOV-86','DD-MON-RR'),0,to_date('13-NOV-86','DD-MON-RR'),0);
Insert into DL.POS_PARTIES (PARTIY_ID,PARTY_TYPE,PARTY_NUMBER,PARTY_NAME,DESCRIPTION,PERSON_TITLE,PERSON_FIRST_NAME,PERSON_MIDDLE_NAME,PERSON_LAST_NAME,PERSON_NICE_NAME,PERSON_GENDER,PERSON_MARITAL_STATUS,DATE_OF_BIRTH,START_DATE,END_DATE,ENABLED_FLAG,HOLD_FLAG,CREATED_BY,CREATION_DATE,LAST_UPDATED_BY,LAST_UPDATE_DATE,OBJECT_VERSION_ID) values (20,'O','10020','Oracle UAE',null,null,null,null,null,null,null,null,null,to_date('13-NOV-86','DD-MON-RR'),null,'Y','N',0,to_date('13-NOV-86','DD-MON-RR'),0,to_date('13-NOV-86','DD-MON-RR'),0);
Insert into DL.POS_PARTIES (PARTIY_ID,PARTY_TYPE,PARTY_NUMBER,PARTY_NAME,DESCRIPTION,PERSON_TITLE,PERSON_FIRST_NAME,PERSON_MIDDLE_NAME,PERSON_LAST_NAME,PERSON_NICE_NAME,PERSON_GENDER,PERSON_MARITAL_STATUS,DATE_OF_BIRTH,START_DATE,END_DATE,ENABLED_FLAG,HOLD_FLAG,CREATED_BY,CREATION_DATE,LAST_UPDATED_BY,LAST_UPDATE_DATE,OBJECT_VERSION_ID) values (21,'P','10021','Karim Hosny',null,null,'Karim',null,'Hosny',null,'M','M',to_date('13-NOV-86','DD-MON-RR'),to_date('13-NOV-86','DD-MON-RR'),null,'Y','N',0,to_date('13-NOV-86','DD-MON-RR'),0,to_date('13-NOV-86','DD-MON-RR'),0);
Insert into DL.POS_PARTIES (PARTIY_ID,PARTY_TYPE,PARTY_NUMBER,PARTY_NAME,DESCRIPTION,PERSON_TITLE,PERSON_FIRST_NAME,PERSON_MIDDLE_NAME,PERSON_LAST_NAME,PERSON_NICE_NAME,PERSON_GENDER,PERSON_MARITAL_STATUS,DATE_OF_BIRTH,START_DATE,END_DATE,ENABLED_FLAG,HOLD_FLAG,CREATED_BY,CREATION_DATE,LAST_UPDATED_BY,LAST_UPDATE_DATE,OBJECT_VERSION_ID) values (22,'P','10022','Islam Tantawi',null,'DR','Islam',null,'Tantawi',null,'M','M',to_date('13-NOV-86','DD-MON-RR'),to_date('13-NOV-86','DD-MON-RR'),null,'Y','N',0,to_date('13-NOV-86','DD-MON-RR'),0,to_date('13-NOV-86','DD-MON-RR'),0);
Insert into DL.POS_PARTIES (PARTIY_ID,PARTY_TYPE,PARTY_NUMBER,PARTY_NAME,DESCRIPTION,PERSON_TITLE,PERSON_FIRST_NAME,PERSON_MIDDLE_NAME,PERSON_LAST_NAME,PERSON_NICE_NAME,PERSON_GENDER,PERSON_MARITAL_STATUS,DATE_OF_BIRTH,START_DATE,END_DATE,ENABLED_FLAG,HOLD_FLAG,CREATED_BY,CREATION_DATE,LAST_UPDATED_BY,LAST_UPDATE_DATE,OBJECT_VERSION_ID) values (23,'P','10023','Mena Sobhi',null,null,'Mena',null,'Sobhi',null,'M','M',to_date('13-NOV-86','DD-MON-RR'),to_date('13-NOV-86','DD-MON-RR'),null,'Y','N',0,to_date('13-NOV-86','DD-MON-RR'),0,to_date('13-NOV-86','DD-MON-RR'),0);
Insert into DL.POS_PARTIES (PARTIY_ID,PARTY_TYPE,PARTY_NUMBER,PARTY_NAME,DESCRIPTION,PERSON_TITLE,PERSON_FIRST_NAME,PERSON_MIDDLE_NAME,PERSON_LAST_NAME,PERSON_NICE_NAME,PERSON_GENDER,PERSON_MARITAL_STATUS,DATE_OF_BIRTH,START_DATE,END_DATE,ENABLED_FLAG,HOLD_FLAG,CREATED_BY,CREATION_DATE,LAST_UPDATED_BY,LAST_UPDATE_DATE,OBJECT_VERSION_ID) values (25,'P','10025','Jeff Gothelf',null,'MR','Jeff',null,'Gothelf',null,'M','M',to_date('13-NOV-86','DD-MON-RR'),to_date('13-NOV-86','DD-MON-RR'),null,'Y','N',0,to_date('13-NOV-86','DD-MON-RR'),0,to_date('13-NOV-86','DD-MON-RR'),0);
Insert into DL.POS_PARTIES (PARTIY_ID,PARTY_TYPE,PARTY_NUMBER,PARTY_NAME,DESCRIPTION,PERSON_TITLE,PERSON_FIRST_NAME,PERSON_MIDDLE_NAME,PERSON_LAST_NAME,PERSON_NICE_NAME,PERSON_GENDER,PERSON_MARITAL_STATUS,DATE_OF_BIRTH,START_DATE,END_DATE,ENABLED_FLAG,HOLD_FLAG,CREATED_BY,CREATION_DATE,LAST_UPDATED_BY,LAST_UPDATE_DATE,OBJECT_VERSION_ID) values (26,'P','10026','Steve Jobs',null,'MR','Steve',null,'Jobs',null,'M','M',to_date('13-NOV-86','DD-MON-RR'),to_date('13-NOV-86','DD-MON-RR'),null,'Y','N',0,to_date('13-NOV-86','DD-MON-RR'),0,to_date('13-NOV-86','DD-MON-RR'),0);
Insert into DL.POS_PARTIES (PARTIY_ID,PARTY_TYPE,PARTY_NUMBER,PARTY_NAME,DESCRIPTION,PERSON_TITLE,PERSON_FIRST_NAME,PERSON_MIDDLE_NAME,PERSON_LAST_NAME,PERSON_NICE_NAME,PERSON_GENDER,PERSON_MARITAL_STATUS,DATE_OF_BIRTH,START_DATE,END_DATE,ENABLED_FLAG,HOLD_FLAG,CREATED_BY,CREATION_DATE,LAST_UPDATED_BY,LAST_UPDATE_DATE,OBJECT_VERSION_ID) values (13,'P','10013','Larry Ellison',null,'MR','Larry',null,'Ellison',null,'M','M',to_date('13-NOV-86','DD-MON-RR'),to_date('13-NOV-86','DD-MON-RR'),null,'Y','N',0,to_date('13-NOV-86','DD-MON-RR'),0,to_date('13-NOV-86','DD-MON-RR'),0);
Insert into DL.POS_PARTIES (PARTIY_ID,PARTY_TYPE,PARTY_NUMBER,PARTY_NAME,DESCRIPTION,PERSON_TITLE,PERSON_FIRST_NAME,PERSON_MIDDLE_NAME,PERSON_LAST_NAME,PERSON_NICE_NAME,PERSON_GENDER,PERSON_MARITAL_STATUS,DATE_OF_BIRTH,START_DATE,END_DATE,ENABLED_FLAG,HOLD_FLAG,CREATED_BY,CREATION_DATE,LAST_UPDATED_BY,LAST_UPDATE_DATE,OBJECT_VERSION_ID) values (27,'P','10027','Dahlia Bzd','Reqmaster Founder','MR','Dahlia',null,'Bzd',null,'F','M',to_date('13-NOV-86','DD-MON-RR'),to_date('13-NOV-86','DD-MON-RR'),null,'Y','N',0,to_date('13-NOV-86','DD-MON-RR'),0,to_date('13-NOV-86','DD-MON-RR'),0);
Insert into DL.POS_PARTIES (PARTIY_ID,PARTY_TYPE,PARTY_NUMBER,PARTY_NAME,DESCRIPTION,PERSON_TITLE,PERSON_FIRST_NAME,PERSON_MIDDLE_NAME,PERSON_LAST_NAME,PERSON_NICE_NAME,PERSON_GENDER,PERSON_MARITAL_STATUS,DATE_OF_BIRTH,START_DATE,END_DATE,ENABLED_FLAG,HOLD_FLAG,CREATED_BY,CREATION_DATE,LAST_UPDATED_BY,LAST_UPDATE_DATE,OBJECT_VERSION_ID) values (28,'P','10028','Gamal Fouad',null,null,'Gamal',null,'Fouad',null,'M','M',to_date('13-NOV-86','DD-MON-RR'),to_date('13-NOV-86','DD-MON-RR'),null,'Y','N',0,to_date('13-NOV-86','DD-MON-RR'),0,to_date('13-NOV-86','DD-MON-RR'),0);
Insert into DL.POS_PARTIES (PARTIY_ID,PARTY_TYPE,PARTY_NUMBER,PARTY_NAME,DESCRIPTION,PERSON_TITLE,PERSON_FIRST_NAME,PERSON_MIDDLE_NAME,PERSON_LAST_NAME,PERSON_NICE_NAME,PERSON_GENDER,PERSON_MARITAL_STATUS,DATE_OF_BIRTH,START_DATE,END_DATE,ENABLED_FLAG,HOLD_FLAG,CREATED_BY,CREATION_DATE,LAST_UPDATED_BY,LAST_UPDATE_DATE,OBJECT_VERSION_ID) values (29,'P','10029','Marwan Gahwaji',null,null,'Marwan',null,'Gahwaji',null,'M','M',to_date('13-NOV-86','DD-MON-RR'),to_date('13-NOV-86','DD-MON-RR'),null,'Y','N',0,to_date('13-NOV-86','DD-MON-RR'),0,to_date('13-NOV-86','DD-MON-RR'),0);
Insert into DL.POS_PARTIES (PARTIY_ID,PARTY_TYPE,PARTY_NUMBER,PARTY_NAME,DESCRIPTION,PERSON_TITLE,PERSON_FIRST_NAME,PERSON_MIDDLE_NAME,PERSON_LAST_NAME,PERSON_NICE_NAME,PERSON_GENDER,PERSON_MARITAL_STATUS,DATE_OF_BIRTH,START_DATE,END_DATE,ENABLED_FLAG,HOLD_FLAG,CREATED_BY,CREATION_DATE,LAST_UPDATED_BY,LAST_UPDATE_DATE,OBJECT_VERSION_ID) values (30,'P','10030','Mohamed Sannad',null,null,'Mohamed',null,'Mohamed',null,'M','M',to_date('13-NOV-86','DD-MON-RR'),to_date('13-NOV-86','DD-MON-RR'),null,'Y','N',0,to_date('13-NOV-86','DD-MON-RR'),0,to_date('13-NOV-86','DD-MON-RR'),0);
Insert into DL.POS_PARTIES (PARTIY_ID,PARTY_TYPE,PARTY_NUMBER,PARTY_NAME,DESCRIPTION,PERSON_TITLE,PERSON_FIRST_NAME,PERSON_MIDDLE_NAME,PERSON_LAST_NAME,PERSON_NICE_NAME,PERSON_GENDER,PERSON_MARITAL_STATUS,DATE_OF_BIRTH,START_DATE,END_DATE,ENABLED_FLAG,HOLD_FLAG,CREATED_BY,CREATION_DATE,LAST_UPDATED_BY,LAST_UPDATE_DATE,OBJECT_VERSION_ID) values (31,'P','10030','Ahmed Mohamed',null,null,'Ahmed',null,'Sannad',null,'M','M',to_date('13-NOV-86','DD-MON-RR'),to_date('13-NOV-86','DD-MON-RR'),null,'Y','N',0,to_date('13-NOV-86','DD-MON-RR'),0,to_date('13-NOV-86','DD-MON-RR'),0);
REM INSERTING into DL.POS_PAYMENTS
SET DEFINE OFF;
REM INSERTING into DL.POS_PAYMENT_METHODS
SET DEFINE OFF;
Insert into DL.POS_PAYMENT_METHODS (METHOD_ID,SHORT_NAME,METHOD_NAME,METHOD_TYPE,DESCRIPTION,CASH_FLAG,DEFAULT_FLAG,ENABLED_FLAG,HOLD_FLAG,START_DATE,END_DATE,CREATED_BY,CREATION_DATE,LAST_UPDATED_BY,LAST_UPDATE_DATE,OBJECT_VERSION_ID) values (1,'C','Cash','C','Cash','Y','Y','Y','N',to_date('03-OCT-19','DD-MON-RR'),null,0,to_date('03-OCT-19','DD-MON-RR'),0,to_date('03-OCT-19','DD-MON-RR'),0);
Insert into DL.POS_PAYMENT_METHODS (METHOD_ID,SHORT_NAME,METHOD_NAME,METHOD_TYPE,DESCRIPTION,CASH_FLAG,DEFAULT_FLAG,ENABLED_FLAG,HOLD_FLAG,START_DATE,END_DATE,CREATED_BY,CREATION_DATE,LAST_UPDATED_BY,LAST_UPDATE_DATE,OBJECT_VERSION_ID) values (2,'BC','Bank Cheque','B','Bank Cheque','N','N','Y','N',to_date('03-OCT-19','DD-MON-RR'),null,0,to_date('03-OCT-19','DD-MON-RR'),0,to_date('03-OCT-19','DD-MON-RR'),0);
Insert into DL.POS_PAYMENT_METHODS (METHOD_ID,SHORT_NAME,METHOD_NAME,METHOD_TYPE,DESCRIPTION,CASH_FLAG,DEFAULT_FLAG,ENABLED_FLAG,HOLD_FLAG,START_DATE,END_DATE,CREATED_BY,CREATION_DATE,LAST_UPDATED_BY,LAST_UPDATE_DATE,OBJECT_VERSION_ID) values (4,'MC','Mastercard','C','Mastercard Credit Card','N','N','Y','N',to_date('03-OCT-19','DD-MON-RR'),null,0,to_date('03-OCT-19','DD-MON-RR'),0,to_date('03-OCT-19','DD-MON-RR'),0);
Insert into DL.POS_PAYMENT_METHODS (METHOD_ID,SHORT_NAME,METHOD_NAME,METHOD_TYPE,DESCRIPTION,CASH_FLAG,DEFAULT_FLAG,ENABLED_FLAG,HOLD_FLAG,START_DATE,END_DATE,CREATED_BY,CREATION_DATE,LAST_UPDATED_BY,LAST_UPDATE_DATE,OBJECT_VERSION_ID) values (5,'V','Visa','C','Visa Credit Cards','N','N','Y','N',to_date('03-OCT-19','DD-MON-RR'),null,0,to_date('03-OCT-19','DD-MON-RR'),0,to_date('03-OCT-19','DD-MON-RR'),0);
Insert into DL.POS_PAYMENT_METHODS (METHOD_ID,SHORT_NAME,METHOD_NAME,METHOD_TYPE,DESCRIPTION,CASH_FLAG,DEFAULT_FLAG,ENABLED_FLAG,HOLD_FLAG,START_DATE,END_DATE,CREATED_BY,CREATION_DATE,LAST_UPDATED_BY,LAST_UPDATE_DATE,OBJECT_VERSION_ID) values (7,'AP','Apple Pay','D','Apple Pay','N','N','Y','N',to_date('03-OCT-19','DD-MON-RR'),null,0,to_date('03-OCT-19','DD-MON-RR'),0,to_date('03-OCT-19','DD-MON-RR'),0);
Insert into DL.POS_PAYMENT_METHODS (METHOD_ID,SHORT_NAME,METHOD_NAME,METHOD_TYPE,DESCRIPTION,CASH_FLAG,DEFAULT_FLAG,ENABLED_FLAG,HOLD_FLAG,START_DATE,END_DATE,CREATED_BY,CREATION_DATE,LAST_UPDATED_BY,LAST_UPDATE_DATE,OBJECT_VERSION_ID) values (9,'B','Bee','D','Bee Smart Payment Solutions','N','N','Y','N',to_date('03-OCT-19','DD-MON-RR'),null,0,to_date('03-OCT-19','DD-MON-RR'),0,to_date('03-OCT-19','DD-MON-RR'),0);
Insert into DL.POS_PAYMENT_METHODS (METHOD_ID,SHORT_NAME,METHOD_NAME,METHOD_TYPE,DESCRIPTION,CASH_FLAG,DEFAULT_FLAG,ENABLED_FLAG,HOLD_FLAG,START_DATE,END_DATE,CREATED_BY,CREATION_DATE,LAST_UPDATED_BY,LAST_UPDATE_DATE,OBJECT_VERSION_ID) values (8,'F','Fawry','D','Fawry - Pioneering E-Payment Network in Egypt','N','N','Y','N',to_date('03-OCT-19','DD-MON-RR'),null,0,to_date('03-OCT-19','DD-MON-RR'),0,to_date('03-OCT-19','DD-MON-RR'),0);
Insert into DL.POS_PAYMENT_METHODS (METHOD_ID,SHORT_NAME,METHOD_NAME,METHOD_TYPE,DESCRIPTION,CASH_FLAG,DEFAULT_FLAG,ENABLED_FLAG,HOLD_FLAG,START_DATE,END_DATE,CREATED_BY,CREATION_DATE,LAST_UPDATED_BY,LAST_UPDATE_DATE,OBJECT_VERSION_ID) values (11,'SP','STC Pay','D','STC Pay','N','N','Y','N',to_date('03-OCT-19','DD-MON-RR'),null,0,to_date('03-OCT-19','DD-MON-RR'),0,to_date('03-OCT-19','DD-MON-RR'),0);
Insert into DL.POS_PAYMENT_METHODS (METHOD_ID,SHORT_NAME,METHOD_NAME,METHOD_TYPE,DESCRIPTION,CASH_FLAG,DEFAULT_FLAG,ENABLED_FLAG,HOLD_FLAG,START_DATE,END_DATE,CREATED_BY,CREATION_DATE,LAST_UPDATED_BY,LAST_UPDATE_DATE,OBJECT_VERSION_ID) values (10,'M','Mada','D','Saudi Payment Network','N','N','Y','N',to_date('03-OCT-19','DD-MON-RR'),null,0,to_date('03-OCT-19','DD-MON-RR'),0,to_date('03-OCT-19','DD-MON-RR'),0);
Insert into DL.POS_PAYMENT_METHODS (METHOD_ID,SHORT_NAME,METHOD_NAME,METHOD_TYPE,DESCRIPTION,CASH_FLAG,DEFAULT_FLAG,ENABLED_FLAG,HOLD_FLAG,START_DATE,END_DATE,CREATED_BY,CREATION_DATE,LAST_UPDATED_BY,LAST_UPDATE_DATE,OBJECT_VERSION_ID) values (3,'BT','Bank Transfer','B','Bank Transfer','N','N','Y','N',to_date('03-OCT-19','DD-MON-RR'),null,0,to_date('03-OCT-19','DD-MON-RR'),0,to_date('03-OCT-19','DD-MON-RR'),0);
Insert into DL.POS_PAYMENT_METHODS (METHOD_ID,SHORT_NAME,METHOD_NAME,METHOD_TYPE,DESCRIPTION,CASH_FLAG,DEFAULT_FLAG,ENABLED_FLAG,HOLD_FLAG,START_DATE,END_DATE,CREATED_BY,CREATION_DATE,LAST_UPDATED_BY,LAST_UPDATE_DATE,OBJECT_VERSION_ID) values (6,'AE','American Express','C','American Express','N','N','Y','N',to_date('03-OCT-19','DD-MON-RR'),null,0,to_date('03-OCT-19','DD-MON-RR'),0,to_date('03-OCT-19','DD-MON-RR'),0);
Insert into DL.POS_PAYMENT_METHODS (METHOD_ID,SHORT_NAME,METHOD_NAME,METHOD_TYPE,DESCRIPTION,CASH_FLAG,DEFAULT_FLAG,ENABLED_FLAG,HOLD_FLAG,START_DATE,END_DATE,CREATED_BY,CREATION_DATE,LAST_UPDATED_BY,LAST_UPDATE_DATE,OBJECT_VERSION_ID) values (12,'P','PayPal','D','PayPal','N','N','Y','N',to_date('03-OCT-19','DD-MON-RR'),null,0,to_date('03-OCT-19','DD-MON-RR'),0,to_date('03-OCT-19','DD-MON-RR'),0);
REM INSERTING into DL.POS_STORES
SET DEFINE OFF;
Insert into DL.POS_STORES (STORE_ID,COUNTRY_CODE,SHORT_NAME,NAME,DESCRIPTION,START_DATE,END_DATE,ENABLED_FLAG,CREATED_BY,CREATION_DATE,LAST_UPDATED_BY,LAST_UPDATE_DATE,OBJECT_VERSION_ID) values (1,'EG','ASEG','Apply Store - Egypt','Apply Store Egypt',to_date('13-NOV-86','DD-MON-RR'),null,'Y',0,to_date('13-NOV-86','DD-MON-RR'),0,to_date('13-NOV-86','DD-MON-RR'),0);
Insert into DL.POS_STORES (STORE_ID,COUNTRY_CODE,SHORT_NAME,NAME,DESCRIPTION,START_DATE,END_DATE,ENABLED_FLAG,CREATED_BY,CREATION_DATE,LAST_UPDATED_BY,LAST_UPDATE_DATE,OBJECT_VERSION_ID) values (2,'EG','ASUEA','Apply Store - Emirates','Apply Store Emirates',to_date('13-NOV-86','DD-MON-RR'),null,'Y',0,to_date('13-NOV-86','DD-MON-RR'),0,to_date('13-NOV-86','DD-MON-RR'),0);
Insert into DL.POS_STORES (STORE_ID,COUNTRY_CODE,SHORT_NAME,NAME,DESCRIPTION,START_DATE,END_DATE,ENABLED_FLAG,CREATED_BY,CREATION_DATE,LAST_UPDATED_BY,LAST_UPDATE_DATE,OBJECT_VERSION_ID) values (3,'EG','ASSA','Apply Store - Saudi Arabia','Apply Store Saudi Arabia',to_date('13-NOV-86','DD-MON-RR'),null,'Y',0,to_date('13-NOV-86','DD-MON-RR'),0,to_date('13-NOV-86','DD-MON-RR'),0);
Insert into DL.POS_STORES (STORE_ID,COUNTRY_CODE,SHORT_NAME,NAME,DESCRIPTION,START_DATE,END_DATE,ENABLED_FLAG,CREATED_BY,CREATION_DATE,LAST_UPDATED_BY,LAST_UPDATE_DATE,OBJECT_VERSION_ID) values (5,'EG','ASJO','Apply Store - Jordan','Apply Store Jordan',to_date('13-NOV-86','DD-MON-RR'),null,'Y',0,to_date('13-NOV-86','DD-MON-RR'),0,to_date('13-NOV-86','DD-MON-RR'),0);
Insert into DL.POS_STORES (STORE_ID,COUNTRY_CODE,SHORT_NAME,NAME,DESCRIPTION,START_DATE,END_DATE,ENABLED_FLAG,CREATED_BY,CREATION_DATE,LAST_UPDATED_BY,LAST_UPDATE_DATE,OBJECT_VERSION_ID) values (6,'EG','ASI','Apply Store - Iraq','Apply Store Iraq',to_date('13-NOV-86','DD-MON-RR'),null,'Y',0,to_date('13-NOV-86','DD-MON-RR'),0,to_date('13-NOV-86','DD-MON-RR'),0);
Insert into DL.POS_STORES (STORE_ID,COUNTRY_CODE,SHORT_NAME,NAME,DESCRIPTION,START_DATE,END_DATE,ENABLED_FLAG,CREATED_BY,CREATION_DATE,LAST_UPDATED_BY,LAST_UPDATE_DATE,OBJECT_VERSION_ID) values (4,'EG','ASK','Apply Store - Kuwait','Apply Store Kuwait',to_date('13-NOV-86','DD-MON-RR'),to_date('01-OCT-16','DD-MON-RR'),'N',0,to_date('13-NOV-86','DD-MON-RR'),0,to_date('13-NOV-86','DD-MON-RR'),0);
REM INSERTING into DL.POS_STORE_BRANCHS
SET DEFINE OFF;
Insert into DL.POS_STORE_BRANCHS (BRANCH_ID,STORE_ID,BRANCH_PARENT_ID,SHORT_NAME,NAME,DESCRIPTION,MANAGER_ID,START_DATE,END_DATE,ENABLED_FLAG,CREATED_BY,CREATION_DATE,LAST_UPDATED_BY,LAST_UPDATE_DATE,OBJECT_VERSION_ID) values (1,1,null,'EG-101','Cairo Festival City','Cairo Festival City Mall',null,to_date('13-NOV-86','DD-MON-RR'),null,'Y',0,to_date('13-NOV-86','DD-MON-RR'),0,to_date('13-NOV-86','DD-MON-RR'),0);
Insert into DL.POS_STORE_BRANCHS (BRANCH_ID,STORE_ID,BRANCH_PARENT_ID,SHORT_NAME,NAME,DESCRIPTION,MANAGER_ID,START_DATE,END_DATE,ENABLED_FLAG,CREATED_BY,CREATION_DATE,LAST_UPDATED_BY,LAST_UPDATE_DATE,OBJECT_VERSION_ID) values (2,1,1,'EG-102','Cairo Festival City - Second Branch','Cairo Festival City Mall - Second Branch',null,to_date('13-NOV-86','DD-MON-RR'),null,'Y',0,to_date('13-NOV-86','DD-MON-RR'),0,to_date('13-NOV-86','DD-MON-RR'),0);
Insert into DL.POS_STORE_BRANCHS (BRANCH_ID,STORE_ID,BRANCH_PARENT_ID,SHORT_NAME,NAME,DESCRIPTION,MANAGER_ID,START_DATE,END_DATE,ENABLED_FLAG,CREATED_BY,CREATION_DATE,LAST_UPDATED_BY,LAST_UPDATE_DATE,OBJECT_VERSION_ID) values (3,1,null,'EG-103','New Cairo','New Cairo 5th Settlement',null,to_date('13-NOV-86','DD-MON-RR'),null,'Y',0,to_date('13-NOV-86','DD-MON-RR'),0,to_date('13-NOV-86','DD-MON-RR'),0);
Insert into DL.POS_STORE_BRANCHS (BRANCH_ID,STORE_ID,BRANCH_PARENT_ID,SHORT_NAME,NAME,DESCRIPTION,MANAGER_ID,START_DATE,END_DATE,ENABLED_FLAG,CREATED_BY,CREATION_DATE,LAST_UPDATED_BY,LAST_UPDATE_DATE,OBJECT_VERSION_ID) values (4,1,null,'EG-104','Mall of Arabia','Mall of Arabia, 6th of October City',null,to_date('13-NOV-86','DD-MON-RR'),null,'Y',0,to_date('13-NOV-86','DD-MON-RR'),0,to_date('13-NOV-86','DD-MON-RR'),0);
Insert into DL.POS_STORE_BRANCHS (BRANCH_ID,STORE_ID,BRANCH_PARENT_ID,SHORT_NAME,NAME,DESCRIPTION,MANAGER_ID,START_DATE,END_DATE,ENABLED_FLAG,CREATED_BY,CREATION_DATE,LAST_UPDATED_BY,LAST_UPDATE_DATE,OBJECT_VERSION_ID) values (5,1,null,'EG-201','San Stifano','San Stifano, Alexandria',null,to_date('13-NOV-86','DD-MON-RR'),null,'Y',0,to_date('13-NOV-86','DD-MON-RR'),0,to_date('13-NOV-86','DD-MON-RR'),0);
Insert into DL.POS_STORE_BRANCHS (BRANCH_ID,STORE_ID,BRANCH_PARENT_ID,SHORT_NAME,NAME,DESCRIPTION,MANAGER_ID,START_DATE,END_DATE,ENABLED_FLAG,CREATED_BY,CREATION_DATE,LAST_UPDATED_BY,LAST_UPDATE_DATE,OBJECT_VERSION_ID) values (6,3,null,'SA-101','Riyad Main Branch','Riyad Main Branch - Riyadh Park Mall',null,to_date('13-NOV-86','DD-MON-RR'),null,'Y',0,to_date('13-NOV-86','DD-MON-RR'),0,to_date('13-NOV-86','DD-MON-RR'),0);
Insert into DL.POS_STORE_BRANCHS (BRANCH_ID,STORE_ID,BRANCH_PARENT_ID,SHORT_NAME,NAME,DESCRIPTION,MANAGER_ID,START_DATE,END_DATE,ENABLED_FLAG,CREATED_BY,CREATION_DATE,LAST_UPDATED_BY,LAST_UPDATE_DATE,OBJECT_VERSION_ID) values (7,3,null,'SA-201','Mall of Arabia - Jeddah','Mall of Arabia Jeddah',null,to_date('13-NOV-86','DD-MON-RR'),null,'Y',0,to_date('13-NOV-86','DD-MON-RR'),0,to_date('13-NOV-86','DD-MON-RR'),0);
Insert into DL.POS_STORE_BRANCHS (BRANCH_ID,STORE_ID,BRANCH_PARENT_ID,SHORT_NAME,NAME,DESCRIPTION,MANAGER_ID,START_DATE,END_DATE,ENABLED_FLAG,CREATED_BY,CREATION_DATE,LAST_UPDATED_BY,LAST_UPDATE_DATE,OBJECT_VERSION_ID) values (8,3,6,'SA-102','Olaya','Riyadh - Olaya Branch',null,to_date('13-NOV-86','DD-MON-RR'),null,'Y',0,to_date('13-NOV-86','DD-MON-RR'),0,to_date('13-NOV-86','DD-MON-RR'),0);
Insert into DL.POS_STORE_BRANCHS (BRANCH_ID,STORE_ID,BRANCH_PARENT_ID,SHORT_NAME,NAME,DESCRIPTION,MANAGER_ID,START_DATE,END_DATE,ENABLED_FLAG,CREATED_BY,CREATION_DATE,LAST_UPDATED_BY,LAST_UPDATE_DATE,OBJECT_VERSION_ID) values (9,5,null,'JO-101','Amman','Jordan - Amman',null,to_date('13-NOV-86','DD-MON-RR'),null,'Y',0,to_date('13-NOV-86','DD-MON-RR'),0,to_date('13-NOV-86','DD-MON-RR'),0);
Insert into DL.POS_STORE_BRANCHS (BRANCH_ID,STORE_ID,BRANCH_PARENT_ID,SHORT_NAME,NAME,DESCRIPTION,MANAGER_ID,START_DATE,END_DATE,ENABLED_FLAG,CREATED_BY,CREATION_DATE,LAST_UPDATED_BY,LAST_UPDATE_DATE,OBJECT_VERSION_ID) values (10,3,6,'SA-103','Kingdom Centre','Kingdom Centre | The Luxury of Living',null,to_date('13-NOV-86','DD-MON-RR'),to_date('17-MAY-17','DD-MON-RR'),'Y',0,to_date('13-NOV-86','DD-MON-RR'),0,to_date('13-NOV-86','DD-MON-RR'),0);
REM INSERTING into DL.POS_WAREHOUSES
SET DEFINE OFF;
Insert into DL.POS_WAREHOUSES (WAREHOUSE_ID,BRANCH_ID,WAREHOUSE_PARENT_ID,SHORT_NAME,NAME,DESCRIPTION,START_DATE,END_DATE,ENABLED_FLAG,ORGANIZATION_ID,CREATED_BY,CREATION_DATE,LAST_UPDATED_BY,LAST_UPDATE_DATE,OBJECT_VERSION_ID) values (1,1,null,'WH-0001','Cairo Festival Warehouse',null,to_date('13-NOV-86','DD-MON-RR'),null,'Y',null,0,to_date('13-NOV-86','DD-MON-RR'),0,to_date('13-NOV-86','DD-MON-RR'),0);
Insert into DL.POS_WAREHOUSES (WAREHOUSE_ID,BRANCH_ID,WAREHOUSE_PARENT_ID,SHORT_NAME,NAME,DESCRIPTION,START_DATE,END_DATE,ENABLED_FLAG,ORGANIZATION_ID,CREATED_BY,CREATION_DATE,LAST_UPDATED_BY,LAST_UPDATE_DATE,OBJECT_VERSION_ID) values (2,3,null,'WH-0002','New Cairo Warehouse',null,to_date('13-NOV-86','DD-MON-RR'),null,'Y',null,0,to_date('13-NOV-86','DD-MON-RR'),0,to_date('13-NOV-86','DD-MON-RR'),0);
Insert into DL.POS_WAREHOUSES (WAREHOUSE_ID,BRANCH_ID,WAREHOUSE_PARENT_ID,SHORT_NAME,NAME,DESCRIPTION,START_DATE,END_DATE,ENABLED_FLAG,ORGANIZATION_ID,CREATED_BY,CREATION_DATE,LAST_UPDATED_BY,LAST_UPDATE_DATE,OBJECT_VERSION_ID) values (3,4,null,'WH-0003','Mall of Arabia Warehouse',null,to_date('13-NOV-86','DD-MON-RR'),null,'Y',null,0,to_date('13-NOV-86','DD-MON-RR'),0,to_date('13-NOV-86','DD-MON-RR'),0);
Insert into DL.POS_WAREHOUSES (WAREHOUSE_ID,BRANCH_ID,WAREHOUSE_PARENT_ID,SHORT_NAME,NAME,DESCRIPTION,START_DATE,END_DATE,ENABLED_FLAG,ORGANIZATION_ID,CREATED_BY,CREATION_DATE,LAST_UPDATED_BY,LAST_UPDATE_DATE,OBJECT_VERSION_ID) values (4,5,null,'WH-0004','San Stifano Warehouse',null,to_date('13-NOV-86','DD-MON-RR'),null,'Y',null,0,to_date('13-NOV-86','DD-MON-RR'),0,to_date('13-NOV-86','DD-MON-RR'),0);
Insert into DL.POS_WAREHOUSES (WAREHOUSE_ID,BRANCH_ID,WAREHOUSE_PARENT_ID,SHORT_NAME,NAME,DESCRIPTION,START_DATE,END_DATE,ENABLED_FLAG,ORGANIZATION_ID,CREATED_BY,CREATION_DATE,LAST_UPDATED_BY,LAST_UPDATE_DATE,OBJECT_VERSION_ID) values (5,6,null,'WH-0005','Riyad Warehouse',null,to_date('13-NOV-86','DD-MON-RR'),null,'Y',null,0,to_date('13-NOV-86','DD-MON-RR'),0,to_date('13-NOV-86','DD-MON-RR'),0);
Insert into DL.POS_WAREHOUSES (WAREHOUSE_ID,BRANCH_ID,WAREHOUSE_PARENT_ID,SHORT_NAME,NAME,DESCRIPTION,START_DATE,END_DATE,ENABLED_FLAG,ORGANIZATION_ID,CREATED_BY,CREATION_DATE,LAST_UPDATED_BY,LAST_UPDATE_DATE,OBJECT_VERSION_ID) values (6,7,null,'WH-0006','Jeddah Warehouse',null,to_date('13-NOV-86','DD-MON-RR'),null,'Y',null,0,to_date('13-NOV-86','DD-MON-RR'),0,to_date('13-NOV-86','DD-MON-RR'),0);
Insert into DL.POS_WAREHOUSES (WAREHOUSE_ID,BRANCH_ID,WAREHOUSE_PARENT_ID,SHORT_NAME,NAME,DESCRIPTION,START_DATE,END_DATE,ENABLED_FLAG,ORGANIZATION_ID,CREATED_BY,CREATION_DATE,LAST_UPDATED_BY,LAST_UPDATE_DATE,OBJECT_VERSION_ID) values (7,8,null,'WH-0007','Olaya Warehouse',null,to_date('13-NOV-86','DD-MON-RR'),null,'Y',null,0,to_date('13-NOV-86','DD-MON-RR'),0,to_date('13-NOV-86','DD-MON-RR'),0);
Insert into DL.POS_WAREHOUSES (WAREHOUSE_ID,BRANCH_ID,WAREHOUSE_PARENT_ID,SHORT_NAME,NAME,DESCRIPTION,START_DATE,END_DATE,ENABLED_FLAG,ORGANIZATION_ID,CREATED_BY,CREATION_DATE,LAST_UPDATED_BY,LAST_UPDATE_DATE,OBJECT_VERSION_ID) values (8,9,null,'WH-0008','Amman Warehouse',null,to_date('13-NOV-86','DD-MON-RR'),null,'Y',null,0,to_date('13-NOV-86','DD-MON-RR'),0,to_date('13-NOV-86','DD-MON-RR'),0);
Insert into DL.POS_WAREHOUSES (WAREHOUSE_ID,BRANCH_ID,WAREHOUSE_PARENT_ID,SHORT_NAME,NAME,DESCRIPTION,START_DATE,END_DATE,ENABLED_FLAG,ORGANIZATION_ID,CREATED_BY,CREATION_DATE,LAST_UPDATED_BY,LAST_UPDATE_DATE,OBJECT_VERSION_ID) values (9,10,null,'WH-0009','Kingdom Centre Warehouse',null,to_date('13-NOV-86','DD-MON-RR'),null,'Y',null,0,to_date('13-NOV-86','DD-MON-RR'),0,to_date('13-NOV-86','DD-MON-RR'),0);
